{
    "timestamp": "2025-07-12_16-19-04",
    "Learned transform": false,
    "Model location": "N/A",
    "Model clockwise": false,
    "Model shifting": true,
    "Spring stiffness": [
        4.0,
        4.0
    ],
    "normal_form gains": [
        45.0,
        105.0,
        45.0,
        10.0
    ],
    "Actuator location": {
        "x_a": 2.0,
        "y_a": 5
    },
    "xy start": {
        "x": 2.184999942779541,
        "y": -0.46000000834465027
    },
    "Time step": 0.01,
    "Sim time": 15
}