{
    "timestamp": "2025-07-12_16-14-17",
    "Learned transform": true,
    "Model location": "../Double_Pendulum/Learning/Models/NN_optimal/NN_0.pth",
    "Model clockwise": false,
    "PD gains": {
        "Kp": "[[100.0, 0.0], [0.0, 0.0]]",
        "Kd": "[[40.0, 0.0], [0.0, 0.0]]"
    },
    "Actuator location": {
        "x_a": 2.0,
        "y_a": 5
    },
    "xy start": {
        "x": 3.0,
        "y": -3.0
    },
    "xy des": {
        "x": 2.0,
        "y": 0.0
    },
    "Time step": 0.01,
    "Sim time": 15.0
}