{
    "timestamp": "2025-07-12_19-07-13",
    "Learned transform": true,
    "Model location": "../Double_Pendulum/Learning/Models/NN_optimal/NN_0.pth",
    "Model clockwise": false,
    "PD gains": {
        "Kp": "[[100.0, 0.0], [0.0, 0.0]]",
        "Kd": "[[40.0, 0.0], [0.0, 0.0]]"
    },
    "Actuator location": {
        "x_a": 2.0,
        "y_a": 5
    },
    "xy start": {
        "x": 1.507099986076355,
        "y": -0.7750999927520752
    },
    "xy des": {
        "x": 2.0,
        "y": 1.2935999631881714
    },
    "Time step": 0.01,
    "Sim time": 15.0
}